P_Username1,P_Password1,P_Confirm1,P_FirstName1,P_LastName1,P_StreetAddress1,P_City1
Test001,Test001,Test001,Test001,Test001,Baner,Pune
Test002,Test002,Test002,Test002,Test002,Baner,Pune
Test003,Test003,Test003,Test003,Test003,Baner,Pune
Test004,Test004,Test004,Test004,Test004,Baner,Pune
Test005,Test005,Test005,Test005,Test005,Baner,Pune
Test006,Test006,Test006,Test006,Test006,Baner,Pune
Test007,Test007,Test007,Test007,Test007,Baner,Pune
Test008,Test008,Test008,Test008,Test008,Baner,Pune
Test009,Test009,Test009,Test009,Test009,Baner,Pune
Test010,Test010,Test010,Test010,Test010,Baner,Pune
Test011,Test011,Test011,Test011,Test011,Baner,Pune
Test012,Test012,Test012,Test012,Test012,Baner,Pune
Test013,Test013,Test013,Test013,Test013,Baner,Pune
Test014,Test014,Test014,Test014,Test014,Baner,Pune
Test015,Test015,Test015,Test015,Test015,Baner,Pune
Test016,Test016,Test016,Test016,Test016,Baner,Pune
Test017,Test017,Test017,Test017,Test017,Baner,Pune
Test018,Test018,Test018,Test018,Test018,Baner,Pune
Test019,Test019,Test019,Test019,Test019,Baner,Pune
Test020,Test020,Test020,Test020,Test020,Baner,Pune
Test021,Test021,Test021,Test021,Test021,Baner,Pune
Test022,Test022,Test022,Test022,Test022,Baner,Pune
Test023,Test023,Test023,Test023,Test023,Baner,Pune
Test024,Test024,Test024,Test024,Test024,Baner,Pune
Test025,Test025,Test025,Test025,Test025,Baner,Pune
Test026,Test026,Test026,Test026,Test026,Baner,Pune
Test027,Test027,Test027,Test027,Test027,Baner,Pune
Test028,Test028,Test028,Test028,Test028,Baner,Pune
Test029,Test029,Test029,Test029,Test029,Baner,Pune
Test030,Test030,Test030,Test030,Test030,Baner,Pune
Test031,Test031,Test031,Test031,Test031,Baner,Pune
Test032,Test032,Test032,Test032,Test032,Baner,Pune
Test033,Test033,Test033,Test033,Test033,Baner,Pune
Test034,Test034,Test034,Test034,Test034,Baner,Pune
Test035,Test035,Test035,Test035,Test035,Baner,Pune
Test036,Test036,Test036,Test036,Test036,Baner,Pune
Test037,Test037,Test037,Test037,Test037,Baner,Pune
Test038,Test038,Test038,Test038,Test038,Baner,Pune
Test039,Test039,Test039,Test039,Test039,Baner,Pune
Test040,Test040,Test040,Test040,Test040,Baner,Pune
Test041,Test041,Test041,Test041,Test041,Baner,Pune
Test042,Test042,Test042,Test042,Test042,Baner,Pune
Test043,Test043,Test043,Test043,Test043,Baner,Pune
Test044,Test044,Test044,Test044,Test044,Baner,Pune
Test045,Test045,Test045,Test045,Test045,Baner,Pune
Test046,Test046,Test046,Test046,Test046,Baner,Pune
Test047,Test047,Test047,Test047,Test047,Baner,Pune
Test048,Test048,Test048,Test048,Test048,Baner,Pune
Test049,Test049,Test049,Test049,Test049,Baner,Pune
Test050,Test050,Test050,Test050,Test050,Baner,Pune
Test051,Test051,Test051,Test051,Test051,Baner,Pune
Test052,Test052,Test052,Test052,Test052,Baner,Pune
Test053,Test053,Test053,Test053,Test053,Baner,Pune
Test054,Test054,Test054,Test054,Test054,Baner,Pune
Test055,Test055,Test055,Test055,Test055,Baner,Pune
Test056,Test056,Test056,Test056,Test056,Baner,Pune
Test057,Test057,Test057,Test057,Test057,Baner,Pune
Test058,Test058,Test058,Test058,Test058,Baner,Pune
Test059,Test059,Test059,Test059,Test059,Baner,Pune
Test060,Test060,Test060,Test060,Test060,Baner,Pune
Test061,Test061,Test061,Test061,Test061,Baner,Pune
Test062,Test062,Test062,Test062,Test062,Baner,Pune
Test063,Test063,Test063,Test063,Test063,Baner,Pune
Test064,Test064,Test064,Test064,Test064,Baner,Pune
Test065,Test065,Test065,Test065,Test065,Baner,Pune
Test066,Test066,Test066,Test066,Test066,Baner,Pune
Test067,Test067,Test067,Test067,Test067,Baner,Pune
Test068,Test068,Test068,Test068,Test068,Baner,Pune
Test069,Test069,Test069,Test069,Test069,Baner,Pune
Test070,Test070,Test070,Test070,Test070,Baner,Pune
Test071,Test071,Test071,Test071,Test071,Baner,Pune
Test072,Test072,Test072,Test072,Test072,Baner,Pune
Test073,Test073,Test073,Test073,Test073,Baner,Pune
Test074,Test074,Test074,Test074,Test074,Baner,Pune
Test075,Test075,Test075,Test075,Test075,Baner,Pune
Test076,Test076,Test076,Test076,Test076,Baner,Pune
Test077,Test077,Test077,Test077,Test077,Baner,Pune
Test078,Test078,Test078,Test078,Test078,Baner,Pune
Test079,Test079,Test079,Test079,Test079,Baner,Pune
Test080,Test080,Test080,Test080,Test080,Baner,Pune
Test081,Test081,Test081,Test081,Test081,Baner,Pune
Test082,Test082,Test082,Test082,Test082,Baner,Pune
Test083,Test083,Test083,Test083,Test083,Baner,Pune
Test084,Test084,Test084,Test084,Test084,Baner,Pune
Test085,Test085,Test085,Test085,Test085,Baner,Pune
Test086,Test086,Test086,Test086,Test086,Baner,Pune
Test087,Test087,Test087,Test087,Test087,Baner,Pune
Test088,Test088,Test088,Test088,Test088,Baner,Pune
Test089,Test089,Test089,Test089,Test089,Baner,Pune
Test090,Test090,Test090,Test090,Test090,Baner,Pune
Test091,Test091,Test091,Test091,Test091,Baner,Pune
Test092,Test092,Test092,Test092,Test092,Baner,Pune
Test093,Test093,Test093,Test093,Test093,Baner,Pune
Test094,Test094,Test094,Test094,Test094,Baner,Pune
Test095,Test095,Test095,Test095,Test095,Baner,Pune
Test096,Test096,Test096,Test096,Test096,Baner,Pune
Test097,Test097,Test097,Test097,Test097,Baner,Pune
Test098,Test098,Test098,Test098,Test098,Baner,Pune
Test099,Test099,Test099,Test099,Test099,Baner,Pune
Test100,Test100,Test100,Test100,Test100,Baner,Pune
